produto,
amendoa castanhas brasil 200g,
batida limao joinville 700ml,
tum energy drink 275ml,
balao liso t.7 verde kele c/25,
tampa para embalagem pp 235x153mm c/400,
vela estrela rosa naº 6 kele c/1,
vela estrela rosa naº 8 kele c/1,
vela estrela rosa naº 9 kele c/1,
vela estrela azul naº 6 kele c/1,
vela estrela azul naº 8 kele c/1,
vela estrela azul naº 9 kele c/1,
vela estrela rosa naº 3 kele c/1,
vela estrela rosa naº 4 kele c/1,
kimarc elastico chato n 10 c 1 ref 3467,
kit set cozinha de plastico 1un 04270235 un 1 un,
boneca garota bonita 1un 042800001 un 1 un,
snacks ipet dog beer bifinho carne e leite para caes filhotes - 60 g,
muffin padaria pet sabor laranja para caes - 30 g,
bifinhos em palitos padaria pet salmao com linhaca para gatos - 50 g,
mini sticks petitos sabor carne com leite para caes - 350 g,
squeeze astronautica 300ml 174 un 1 un,
kit casinha moveis plastico 1un sk042702 un 1 un,
caneco destak craqueado n12 c cabo 1un un 1 un,
bolo bamboo nata goiaba 720g un 720 g,
bolo bamboo laranja 720g un 720 g,
bolo bamboo limao 720g un 720 g,
bolo bamboo tradicional 720g un 720 g,
bolo bamboo formigueiro 720g un 720 g,
bolo bamboo chocolate 720g un 720 g,
bolo bamboo mesclado 720g un 720 g,
farinha de mandioca da roca amarela 1kg,
pd pao forma fatiado bokitus 400g,
vela aib copo 100g citronela amarela,
tempero sabor ami 300g.c/alho e sal,
kisabor pimenta comari 60g.vidro,
sabonete phebo 90g.naturelle,
acougue costela suina salgada kg.,
past valda extra forte lt 50g,
geleia duga 260g jabuticaba/marrasquino vidro,
acetona musa 100ml,
vela aniv.cromus letras parabens color,
geleia barbosa mor 260g,
geleia barbosa lar pim 260g,
bolo ana bolos fuba un,
bacalhau desfiado 1kg,
vinho udaca irreverent 750ml tinto unidade,
flor nat anturiu p14 unidade,
g mal dexclorfeniramina xpe 120 geolab,
refil mop lustra-mais microfibras,
limpa pisos che.bebe 500 ml,
fervedor leite antiad.n.14,
colher de servir silicone wellmix preto,
concha silicone wellmix preta,
good codornas do chef a passarinho 1kg,
couve flor pratico 200g,
pimenta do reino,
piumenta com / c dacasa 25g,
mikitos queijos 30g,
polpa de manga 100g,
mikitos,
pimenta do reino grao 25g,
polpa de abacaxi,
polpa de maracuja,
polpa de cupuacu,
pilha media panazoni,
doce abob/coco 950g,
pente masculino c/1,
cacarola aluminio n.14,
cacarola aluminio n.22,
batata frita congelada palito carrefour discount,
talher simonag.sintonia dec.vermelh,
vela aniv metal bicolor n0,
vela aniv metal bicolor n3 rs prata,
vela aniv metal bicolor n4 rs prata,
vela aniv metal bicolor n6 rs prata,
vela aniv metal bicolor n7 rs prata,
balao latex gigante n250 laranja,
faca desc refeicao branca elegance,
faca desc refeicao dourado elegance,
faca desc refeicao prata elegance,
faca desc refeicao preto elegance,
vela aniv metal bicolor n8 rs prata,
vela aniv metal bicolor n9 rs prata,
vela aniv metal bicolor interr,
fralda kisses gx c/7 un,
garfo mesa 10 pcs branco martinazzo,
garfo mesa 10 pcs vermelho martinazzo,
limpa vidro juma,
gergelim branco 100g,
serum max love crescimento cilios e sobrancelhas 3.5ml,
churrasqueira eletrica super grill 127v,
fosforo guarani 1cx c/40 palitos,
batom hello kitty blister infantil,
plug macho 2p+t,
mordedor nina baby chocalho rosa,
ativador cacho super pode cac sens 300ml,
ativador cacho super poderosa coco 300ml,
kit super poderosa sh cond cacho sensac,
mamad nina super 330ml anatomica azul,
mamad nina super 330ml anat conv azul ref 1061,
chupeta nina baby americana transp rosa,
queijo federicci ricota fresca com oregano 350g,
ovos so novo bco grande c/30 filmado,
sh keraform 500ml liso,
tabua carne fina 50x100,
mascara confort com protecao uv50 pink 1 unidade,
kit shamp. + cond. kanechom domina cachos 350ml,
hamb.club v burger de vegetais 230g,
agriao hidroponico u,
banana pct 250grs ma,
peitoral fat boy 2 m,
full body happ au mi,
torrada ouropretana heleninha 300g,
novamox 2x 400/57mg susp 70ml */a,
far linhaca viver bem marron 200g,
"jarra nova era romana 2,5l",
g prednisona 05mg c/20 cp germed,
lanzopept 30mg c/14 caps,
unhas posticas macrilan up303a media cacau 24un,
varal tanabi 10 metros,
g enan de noret+ val estr 1ml pre euro,
"moringa polida marlux 2,5 lts",
blue zinco max c/30 caps p.e bergamim,
canecao extra luxo marlux nº 14,
canecao especial polida n12,
canecao extra cabo madeira n 12,
canecao extra cabo madeira n 16,
cacarola conica lixada c/ alca n 18,
cacarola conica lixada c/ alca n 20,
cacarola conica lixada c/ alca n 22,
cacarola especial c alca marlux n20,
assadeira redonda alta n22,
cacarola marlux c alca n22,
fervedor trad marlux n16,
frigideira anti aderente marlux 20,
frigideira anti aderente marlux 24,
fervedor trad marlux n14,
g cl ambroxol 6mg ad 120ml geolab,
g br ipratropio 20ml germed,
inalador uppy soniclear,
pente fino piolho com cabo,
teste coronavirus(covid-19),
masc avenca colageno antissinais 10g,
g finasterida 5mg c/30 cp germed,
g finasterida 1mg c/30 germed,
sal grosso c/ervas chef clay 500g,
sh.gota dourada biotina homem 430ml,
vela estrela rosa naº 5 kele c/1,
cesta bambu redonda 40cm,
papel higienico f.dupla ta bem neutro lv12 pg 11un,
faca cozinha western blanc 7´´,
tabua oval c/ canaleta madlar,
taca versalhes imperial pe baixo 28x21c,
dalinho morango 50g,
lava louca em po qualita 1kg,
catanhas caju qualita 200g,
vela big n 8,
vela big n 6,
vela big n 9,
chipa maricota 1kg,
coleira couro forrada pet mania 24cm 13mm,
zirvit kids 100ml susp,
pyloripac 56s medley,
seringa inj 5ml ag30x7 un,
caf cmin con origens,
caf cdia con origens,
caf mog conf origens,
camisola l list v505,
pij ml list v504 mar,
kit arte seducao 3 palito duas pontas + 3 mini lixa parda,
veda porta tanabi 80cm,
palmito anga pr picadao 1.800g padaria,
colonia meu amorzinho 120ml rosa,
luva carvalho confortex reforcada verde,
acessorios de celular 29.90,
copo americano un,
churrasqueira ferro redonda c/grelha,
vitamina c suplemento alimentar vila ervas 30 caps*,
oleo essencial composto 15ml equilibrium,
cebola fatiada green,
molho pimenta sabor para tucupi 250ml,
sorvete artesanal sr.paleto tapioc 150ml,
choc am 137 139,
choc am class 139 13,
choc bo 137 137,
choc cher 104g 104,
choc t 139 139 00,
rabanete 300g 300g,
mix celebration gw 2,
bola jaragua un lunar,
bacia plasmarc cod.166,
garrafa plast.ice 750ml 34197,
conj.talher simonag.inf.c/2 incrive,
semente de chia cha cha 100g,
cha cha 30g cavalinha,
cha cha 30g pata de vaca,
d.nena 10g corante sortido,
camisa lampiao western 500v,
pote org.top line cod 681-8,
resistencia corona luster 127v,
girador n 1 c/5,
iogurte yogo milk 900ml abacaxi,
balas simonetto 600g icyfresh cereja,
palmito luana 330g pupunha inteiro,
tortilha crocante dahora 200g,
ratoeira alto giro pequena,
forma pao queijo 6un. alto giro,
engate flexivel alto giro luconi 40cm,
touca p banho nero,
vinagre toscano 250ml fruta maca organica,
fertilizante vithal 1l plantas e flores,
assadeira marcolar un retang n2,
bandeja belmount mult c/tpa 10l,
bandeja belmount mult 5l,
pao de queijo catupiry 300g calab c/catupiry,
emb galv g 32 mb mini torta baixa ballerine,
prended.roupa lopata mad.c/24,
prended.roupa lopata plast.c/12,
revista dragon ball,
trincha pratic 3/4,
trincha pratic 1,
targeta/trinco pratic n 3,
rolha de cortica pratic c/2,
trena pratic 19mmx5m,
lixa p/pe lizon plast.estamp.440,
cotovelo pratic lr 1/2,
plafon pratic pvc,
tee mangueira liso pratic 3/4,
tee mangueira liso pratic 1/2,
coleira para cao pratic n 3,
torneira pratic alavanca pia 3/4,
corrente p/cao pratic n 3,
corrente p/cao pratic n 5,
esp af spier secret rose 750ml,
panettone balocco 750g class lt,
jg 6 tacas dynasty 220ml cristal p,
coador bebidas dynasty 14cm aco ino,
cj bomba vacuo dynasty plast,
teste covid 19 ag ecodiagnosticos,
cabo usb universal para celular,
seringa sr desc 5ml s/ag luer slip,
amioron 100mg 30cp,
bq piscina inflav 2490l 240x63cm pvc elp01002 rio de ouro,
bq pel almofada cores sortidas 1037,
bq urso james m buba,
aparelho jantar luana,
areia san silica gatos western,
travessa rasa inox 40cm,
toalha lavabo lisa,
toalha social lisa,
corante liq brink bem laranja,
bola fisioterapica un,
lapis til.preto x-rac red,
pa de lixo plastica em pe carla,
pao de queijo 390g pizza so de minas,
corante liq brink bem verde,
bisnaga vermelha 200ml plasvale,
mac ovos michele 500g rigatone,
mac ovos michele 500g talharim,
mac ovos michele 500g parafuso,
mac ovos michele 500g ave maria,
mac ovos michele 500g argolinha,
cortador de unha blister 8cm afd25005,
tinta guache 250ml tintex marron,
ralador star metal ref 487,
pano flaneberg multiuso 47x79cm,
colher desc ref cropac branco c 50 un,
colher bambu ref sab1 saz,
coleira de couro filos nº 3,
salada agnus 4 cores higienizada 250gr,
flor chamiadora peq.,
mel phitomel 300g,
aloe aristata colours p11,
bife a role cozido (frios) kg,
bola brilhante 6 cm chibrali azul,
bolinha 4 cm natal ss09306,
mac tortiglioni ita la campofilone 500g,
coentro amazon 40g,
amazon vinagrete 30g,
amazon peixe gourmet 60g,
mix de pimenta do reino 60g,
pimenta preta,
amazon chimichurri 45g,
pimenta preta em graos,
amazon gengibre em po 30g,
amazon gengibre em po 30g,
amazon louro moido 55g,
amazo tem frango 76,
amazon toque de alecrim 58g,
amazon gengibre em po 30g,
amazon temp camarao 64g,
tempero para salma?o 115g,
temp. tila�pia amazon 100g,
especiarias para peixe amazon 110g,
temp. p/ tainha amazon 130g,
caldo de camara?o amazon 80g,
peixe gourmet 80g,
temp zattar amazon especiarias 36g,
carne de panela,
gourmet sal himalaia grosso,
sal parrilla lemon pepper,
sal parrilla paprica defumada,
sal parrilla churrasco,
sal parrilla p/hamburguer,
gourmet sal parrilla pimenta do reino,
sal parrilla tradicional,
tempero de paella 100g,
dry rub,
farinha int fina 10kg allbread,
cadeado gold 30mm c/1 utilidade,
bola macica col. 45mm 241 com 01 p/cachorro,
deposito p/oleo c/filtro er n2 carola,
toalha magica 63 x 41 cm flash limp,
oregano 500gs,
azeitona donana verde fatiada 2kg,
carvao 10kg assis,
mist pao batata donana 10kg,
corante amarelo po fix kg,
conj.organiz.transp.red.pmg(350/750/1500)1448,
colher de silicone 96916,
espatula de silicone 96918,
forma de gelo hu75579,
churrasqueira redonda craqueada 01 carola,
copo 600ml mega drink c/tam/canu labrador ecoplass,
refr em po 240g santa amalia abacaxi c/hortela,
ovo vm gd c20 conf 2,
camisola 523w i21 re,
curat marrom 40 alev,
keflex 1g 8s bago,
refrat prat csa vd c/tp 640ml 1un,
cesto prat csa roupa tranca c/tp un,
fruteira prat csa redonda verde 22cm un,
copo americano nadir figueiredo,
pano de chao alvejado esp. a 42x60cm estopas americana,
pano de chao esponja 65x98cm estopas americana,
saco lixo pratic lixo 100lt c/05 unid.,
saco lixo pratic lixo 30lt c/10 unid.,
chapeu videira 93,
suco fruits 2l acerola,
suco fruits 2l abacaxi c/horte,
suco fruits 2l uva,
suco fruits 2l goiaba,
suco fruits 2l caju,
suco fruits 2l manga,
suco fruits 2l laranja,
suco fruits 2l tamarindo,
suco fruits 2l maracuja,
broca chata makita,
amaryl 6mg com 30 comprimidos,
curat adul 35 alev 3,
d leite confei confi,
d leite confiare 400,
d leite top chef 450,
d leite zr sentir be,
tempero ingredientes da vida 12g menta,
tempero ingredientes da vida 12g mix de peixe,
tempero ingredientes da vida 12g mix de frango,
tempero 500g especial,
mascara descartavel,
tomate seco quali vida 100g,
tortei sto antonio 500 g,
vinho villa di conco 750ml sauvignon blanc,
vinho villa di conco 750ml syrah 2019,
batata palito excelsior 2kg congelada pre frita,
batedor para sal inox argemak,
"grampo p/fio c/ prego ate 2,5mm",
radite molho boff,
cascao sorvete chocolate,
kit banho pratic cortina+ tapete sortido,
file de tilapia 400g famitie,
pizza sabor do sul,
pizza sabor do sul,
pizza sabor do sul,
bolinha 3 cm natal ss09307,
bolinha 5 cm natal ss09308,
cabo telescopico 2 m,
cachepot grande pote 15 kisses,
castanha de caju pct xerem 1 kg cajukente/ dom caju,
acai trufado pote 1lt avela,
acai pote 2 lt natural zero,
acai trufado pote 1lt morango,
alho frito 500 g,
alicate de corte 8'' id-749a,
alicate turquesa 11'' id-8860a,
alicate de cuticula id-5610a,
alicate de cuticula id-6805a,
luva mitenes para palma da mao de clorop,
"gancho auto adesivo (suporta ate 1kg - abs, 2 unid.)",
clips de ferro com 50unid por pote,
saco de polietileno para uso cozinha com,
dai-porta objeto de plastico(polip. eno),
clips duplo de ferro para escritorio 42u,
luva ver brilhus g,
brocolis buono gel 1.05kg,
ovo branco netto 10x c/20und gde,
vinho gimenez tt casco viejo cab 750ml,
vinho gimenez tt c viej char/viog 750ml,
cesta de plastico c/160 pcs 71785,
cesta de plastico c/200 pcs 71900,
cesta de plastico 71901,
cesta 26x26 9 cm id-5749c,
acucar refinado 1,
broa de milho kg kg,
couve maco und edi k,
espinafre maco und,
maca gala esp kg edi,
mass dc bol 45,
morango band und 200,
pao minuto 1,
recheio goiaba 1kg 1,
rucula maco und,
nouve silico organico com 60 capsulas,
v ventus robles cha,
kit pente e esc m boni emb economica un 1x1 un,
chave combinada 10 x 10 mm id-427ch,
chave de roda id-9940h,
ovo cacau show copo times 160g,
copo de plastico,
couve mant fatia select g bdj 200g,
"toalha de mesa (pvc, tam: 120cm x 150cm)",
ima com clipe de plastico 3 un,
dai-cilios posticos 1 par de polie. conte,
saboneteira de poliestireno de uso domes,
forro de polietileno aluminizado para ar,
amendoim crocante 330 gr tradicional,
anthurium colours p12,
aperitivo 900 ml vermouth tinto,
aspirador de piscina medio,
des aer giovanna baby rosa 150ml,
"azeite vale argentino 375ml premium 0,01 % acidez vale argentino",
"mordedor canino t-bone 11,5 cm unipet",
mordedor para pet com corda unipet,
mc flores 12 hastes,
orquidea multiflora variada 4 haste,
shimeji escuro lopes bj 200g (ca),
quinoa 150gr,
mc limonium rosa,
creme kanechomn 1kg abacate,
assadeira redonda n? 30 oliveira,
forma de pudim n? 20 oliveira,
trav ret alca porcel 19cm,
assadeira qd alta 1 r.3246,
bananada vitao zero c/3 54g,
hortalica em vaso manjericao limoncino semear,
vinho afr.bco stellenbosch chn 750ml,
copo yangzi 420ml happy infantil 20736,
palmito ecologico 400g bandeja tolete,
palmito ecologico 500g bandeja coracao pupunha,
parafuso vaso sanitario latona,
saco de lixo brandao 100l c/ 5,
saco de lixo brandao 50l c/ 10,
papel toalha branco flora 20cm,
batata palha - materia prima,
batata escovada - materia prim,
escova dental sanifill fase 2,
metro plastico max 1m - ref.11,
pao de queijo libre multigrao,
cafe sabor de minas 500g,
envelope de papel estampa donald e marga,
elastico de poliester para cabelo - hair,
caixa de madeira com tampa transparente,
empurrador de cuticula de aco inox - fin,
escovinha de nylon para limpeza de unha,
bala frutas refrescantes 87g,
bolacha delicias da tia vera nata c/ goiabada 200g,
bolacha delicias da tia vera nata 200g,
bolacha delicias da tia vera nata c/ canela 200g,
bolacha delicias da tia vera beliscao 200g,
bolacha delic tia vera sequilhos nat c/ coco 200g,
pacoca caseira 200g,
chimichurri tchetto 15g,
caldeirao longuilar tp aa preta n18 un,
cha matte leao 40g.limao pct c/25 saq,
salsicha bordon 180g.tipo viena,
palmito p real banda schoepp 1.8kg,
lenha de lareira castro 10kg,
vinho teorema 750ml tto bodegas,
coco queimado pilao 100g desidr/adocado,
forminha p. bompack d.pink n0 c/ 100 un,
espanador flexivel chenille bompack,
"tempero puro alho compomesa 1,01kg",
vagem diniz bandeja un,
agenda escolar super friends 20181 spiral,
flor bromelia pote 12,
pneu dunlop 195/55 r15 85v sport fm800,
ornamento de jardinagem de aco no formato do sete,
raquete de badminton,
bolsa de poliester para compras - shoppi,
abracadeira de silicone cor monocromatic,
vinho tremonte reserva 750ml carmenere,
borrifador de polipropileno para jardina,
botao de acrilonitrila de butadieno mode,
caneca de vidro temperado - heat-resista,
capa a prova da agua de poliester para m,
clipe de plastico para cabo - cable clip,
clipes de aco para cabelo - hair accesso,
clipes de aco para cabelo - hair accesso,
embrulho de presente 20cm x 30,
embrulho de presente 30cm x 45,
